client_id,name,password
1,Client1,vDvi8HiJNy7Z
2,Client2,vrFpmAt3COYq
3,Client3,LvR02GKbea2J
4,Client4,pgtGhWWmPagW
5,Client5,tiSCHhBssshw
6,Client6,eqskygpn9I4n
7,Client7,PzpYz7IdhbCo
8,Client8,KtGIbnfIGtAR
9,Client9,LcH5vnM7Dlfo
10,Client10,WWjKHnyI18HQ
11,Client11,OD1JwMYhjrhD
12,Client12,RjJ1NWY1VQKr
13,Client13,ufKwPv4mSNjE
14,Client14,76OQwFDLEqT9
15,Client15,7EGaDhIhkcxm
16,Client16,zV71XdW9ypfu
17,Client17,IEiLe5gbhZ9q
18,Client18,iSLUiDFgV1xm
19,Client19,0y1vBBSVsTFq
20,Client20,RdWZ2XSssgTX
