ticker,date,latest_price,rolling_volatility_20,rsi_14,sma_20,sma_50
^AEX,2026-10-01 22:00:00,1116.7099609375,0.10103765472690616,56.45667444514836,1106.11650390625,1106.5443994140626
^DJI,2026-10-02 04:00:00,51176.9609375,0.10527604683099555,39.3490637639246,51854.9486328125,52710.558984375
^FCHI,2026-10-01 22:00:00,7897.18994140625,0.13131462023139165,31.326833746468267,8103.289013671875,8343.7603515625
^FTSE,2026-10-01 23:00:00,10462.0,0.11266040969235208,34.02111030566823,10671.419921875,10762.971953125
^GDAXI,2026-10-01 22:00:00,25231.19921875,0.1294817409683706,42.919990161722446,25465.248046875,25835.97625
^GSPC,2026-10-02 04:00:00,7722.72021484375,0.1032111206198485,54.84811500962509,7670.054516601563,7657.64201171875
^HSI,2026-10-01 16:00:00,23972.2890625,0.15323476452337478,31.75289836129423,24852.86787109375,25279.81421875
^IBEX,2026-10-01 22:00:00,19085.30078125,0.14276225101207776,34.69145872712865,19616.7052734375,19828.0460546875
^IXIC,2026-10-02 04:00:00,27190.859375,0.13928197840194975,62.1728130148732,26626.784375,26306.472109375
^JKSE,2026-10-01 17:00:00,6036.88818359375,0.133224358752744,30.121156786934904,6370.7794189453125,6379.41923828125
^KLSE,2026-10-01 16:00:00,1630.8699951171875,0.10370528165947607,27.90492343447137,1677.9295043945312,1707.2528002929687
^KS11,2026-10-01 15:00:00,7003.740234375,0.2870140359416244,54.85601314635878,6876.577075195312,6696.1592578125
^N100,2026-10-01 22:00:00,1874.3800048828125,0.11539002229798948,41.26947807241885,1892.0299987792969,1919.477802734375
^N225,2026-10-01 15:00:00,68309.4609375,0.23632094859741554,62.01727106572796,65348.378515625,65581.608125
^NSEI,2026-09-30 18:30:00,22421.94921875,0.10345683441645183,22.558108607355834,23268.92734375,23870.096953125
^NYA,2026-10-02 04:00:00,23654.310546875,0.0839922369329054,37.39239817055174,24004.19384765625,24309.571953125
^RUT,2026-10-02 04:00:00,2832.89990234375,0.11071120302238804,39.56586327505094,2867.3814697265625,2943.2601904296876
^SSMI,2026-10-01 22:00:00,13660.919921875,0.1281636765765391,33.742817128148715,13879.979443359374,14214.029765625
^STI,2026-10-01 16:00:00,5634.81982421875,0.08436933674342446,42.458063709687714,5695.467993164062,5692.74919921875
^STOXX50E,2026-10-01 22:00:00,6238.5,0.136467061140348,43.17366004479232,6293.393505859375,6381.045009765625
^TWII,2026-10-01 16:00:00,48475.73828125,0.15190356892460655,65.13043654477826,47097.170703125,45590.329453125
^VIX,2026-10-02 05:00:00,15.3100004196167,0.9941333286244031,47.693552037126985,15.91850004196167,15.783999996185303
^XAX,2026-10-02 04:00:00,8303.1796875,0.19012875167009521,40.23332953637996,8475.679516601562,8630.793388671875
